id,name,link
11,افق,/publisher/11-%d8%a7%d9%81%d9%82
66,نشر نی,/publisher/66-%d9%86%d8%b4%d8%b1-%d9%86%db%8c
1967,دانشگاه تهران,/publisher/1967-%d8%af%d8%a7%d9%86%d8%b4%da%af%d8%a7%d9%87-%d8%aa%d9%87%d8%b1%d8%a7%d9%86
30,پیدایش,/publisher/30-%d9%be%db%8c%d8%af%d8%a7%db%8c%d8%b4
1259,چابک اندیش,/publisher/1259-%da%86%d8%a7%d8%a8%da%a9-%d8%a7%d9%86%d8%af%db%8c%d8%b4
42,سبزان,/publisher/42-%d8%b3%d8%a8%d8%b2%d8%a7%d9%86
1875,اریش,/publisher/1875-%d8%a7%d8%b1%db%8c%d8%b4
51,کتابسرای تندیس,/publisher/51-%da%a9%d8%aa%d8%a7%d8%a8%d8%b3%d8%b1%d8%a7%db%8c-%d8%aa%d9%86%d8%af%db%8c%d8%b3
1470,سروش,/publisher/1470-%d8%b3%d8%b1%d9%88%d8%b4
2651,یادواره کتاب,/publisher/2651-%db%8c%d8%a7%d8%af%d9%88%d8%a7%d8%b1%d9%87-%da%a9%d8%aa%d8%a7%d8%a8
1358,شهرستان ادب,/publisher/1358-%d8%b4%d9%87%d8%b1%d8%b3%d8%aa%d8%a7%d9%86-%d8%a7%d8%af%d8%a8
2628,امید سخن,/publisher/2628-%d8%a7%d9%85%db%8c%d8%af-%d8%b3%d8%ae%d9%86
48,ققنوس,/publisher/48-%d9%82%d9%82%d9%86%d9%88%d8%b3
1988,بعثت,/publisher/1988-%d8%a8%d8%b9%d8%ab%d8%aa
1440,لوگوس,/publisher/1440-%d9%84%d9%88%da%af%d9%88%d8%b3
1327,نیستان,/publisher/1327-%d9%86%db%8c%d8%b3%d8%aa%d8%a7%d9%86
31,نشر ثالث,/publisher/31-%d9%86%d8%b4%d8%b1-%d8%ab%d8%a7%d9%84%d8%ab
1575,صفی علیشاه,/publisher/1575-%d8%b5%d9%81%db%8c-%d8%b9%d9%84%db%8c%d8%b4%d8%a7%d9%87
1860,چالش,/publisher/1860-%da%86%d8%a7%d9%84%d8%b4
1621,مطالعات سیاسی,/publisher/1621-%d9%85%d8%b7%d8%a7%d9%84%d8%b9%d8%a7%d8%aa-%d8%b3%db%8c%d8%a7%d8%b3%db%8c
1479,کلید آموزش,/publisher/1479-%da%a9%d9%84%db%8c%d8%af-%d8%a2%d9%85%d9%88%d8%b2%d8%b4
67,نیلوفر,/publisher/67-%d9%86%db%8c%d9%84%d9%88%d9%81%d8%b1
1111,نشر ویدا,/publisher/1111-%d9%86%d8%b4%d8%b1-%d9%88%db%8c%d8%af%d8%a7
1539,زعفران,/publisher/1539-%d8%b2%d8%b9%d9%81%d8%b1%d8%a7%d9%86
1335,حتمی,/publisher/1335-%d8%ad%d8%aa%d9%85%db%8c
3156,تیموری,/publisher/3156-%d8%aa%db%8c%d9%85%d9%88%d8%b1%db%8c
58,مرکز,/publisher/58-%d9%85%d8%b1%da%a9%d8%b2
2097,جمال,/publisher/2097-%d8%ac%d9%85%d8%a7%d9%84
1497,شهرآب,/publisher/1497-%d8%b4%d9%87%d8%b1%d8%a2%d8%a8
1478,کلام,/publisher/1478-%da%a9%d9%84%d8%a7%d9%85
2270,جنگل,/publisher/2270-%d8%ac%d9%86%da%af%d9%84
1578,قو,/publisher/1578-%d9%82%d9%88
1353,اکباتان,/publisher/1353-%d8%a7%da%a9%d8%a8%d8%a7%d8%aa%d8%a7%d9%86
1856,موسسه فرهنگی و هنری ماهور,/publisher/1856-%d9%85%d9%88%d8%b3%d8%b3%d9%87-%d9%81%d8%b1%d9%87%d9%86%da%af%db%8c-%d9%88-%d9%87%d9%86%d8%b1%db%8c-%d9%85%d8%a7%d9%87%d9%88%d8%b1
2400,دایره المعارف بزرگ اسلامی,/publisher/2400-%d8%af%d8%a7%db%8c%d8%b1%d9%87-%d8%a7%d9%84%d9%85%d8%b9%d8%a7%d8%b1%d9%81-%d8%a8%d8%b2%d8%b1%da%af-%d8%a7%d8%b3%d9%84%d8%a7%d9%85%db%8c
69,هرمس,/publisher/69-%d9%87%d8%b1%d9%85%d8%b3
1483,مهرسا,/publisher/1483-%d9%85%d9%87%d8%b1%d8%b3%d8%a7
2018,سمت,/publisher/2018-%d8%b3%d9%85%d8%aa
1131,نامک,/publisher/1131-%d9%86%d8%a7%d9%85%da%a9
1277,فرهنگ جاوید,/publisher/1277-%d9%81%d8%b1%d9%87%d9%86%da%af-%d8%ac%d8%a7%d9%88%db%8c%d8%af
1472,طرح نو,/publisher/1472-%d8%b7%d8%b1%d8%ad-%d9%86%d9%88
85,نیلا,/publisher/85-%d9%86%db%8c%d9%84%d8%a7
1595,حکمت کلمه,/publisher/1595-%d8%ad%da%a9%d9%85%d8%aa-%da%a9%d9%84%d9%85%d9%87
1913,نمایش,/publisher/1913-%d9%86%d9%85%d8%a7%db%8c%d8%b4
1837,آئی سا,/publisher/1837-%d8%a2%d8%a6%db%8c-%d8%b3%d8%a7
1873,نشر معارف,/publisher/1873-%d9%86%d8%b4%d8%b1-%d9%85%d8%b9%d8%a7%d8%b1%d9%81
9,علم,/publisher/9-%d8%b9%d9%84%d9%85
1813,نشر گویا,/publisher/1813-%d9%86%d8%b4%d8%b1-%da%af%d9%88%db%8c%d8%a7
2311,آماره,/publisher/2311-%d8%a2%d9%85%d8%a7%d8%b1%d9%87
18,آگه,/publisher/18-%d8%a2%da%af%d9%87
55,مازیار,/publisher/55-%d9%85%d8%a7%d8%b2%db%8c%d8%a7%d8%b1
87,قطره,/publisher/87-%d9%82%d8%b7%d8%b1%d9%87
1612,کتاب پرنده,/publisher/1612-%da%a9%d8%aa%d8%a7%d8%a8-%d9%be%d8%b1%d9%86%d8%af%d9%87
1195,ابوعطا,/publisher/1195-%d8%a7%d8%a8%d9%88%d8%b9%d8%b7%d8%a7
3097,فن آوری نوین,/publisher/3097-%d9%81%d9%86-%d8%a2%d9%88%d8%b1%db%8c-%d9%86%d9%88%db%8c%d9%86
28,پرتقال,/publisher/28-%d9%be%d8%b1%d8%aa%d9%82%d8%a7%d9%84
1378,هیلا,/publisher/1378-%d9%87%db%8c%d9%84%d8%a7
2759,خردگان,/publisher/2759-%d8%ae%d8%b1%d8%af%da%af%d8%a7%d9%86
2040,یساولی,/publisher/2040-%db%8c%d8%b3%d8%a7%d9%88%d9%84%db%8c
1312,شباهنگ,/publisher/1312-%d8%b4%d8%a8%d8%a7%d9%87%d9%86%da%af
2091,پلک,/publisher/2091-%d9%be%d9%84%da%a9
1833,عنوان,/publisher/1833-%d8%b9%d9%86%d9%88%d8%a7%d9%86
33,نشر چشمه,/publisher/33-%d9%86%d8%b4%d8%b1-%da%86%d8%b4%d9%85%d9%87
1597,موسسه فرهنگی و هنری خراسان,/publisher/1597-%d9%85%d9%88%d8%b3%d8%b3%d9%87-%d9%81%d8%b1%d9%87%d9%86%da%af%db%8c-%d9%88-%d9%87%d9%86%d8%b1%db%8c-%d8%ae%d8%b1%d8%a7%d8%b3%d8%a7%d9%86
1360,صابرین,/publisher/1360-%d8%b5%d8%a7%d8%a8%d8%b1%db%8c%d9%86
1362,ارجمند,/publisher/1362-%d8%a7%d8%b1%d8%ac%d9%85%d9%86%d8%af
1375,کتابستان معرفت,/publisher/1375-%da%a9%d8%aa%d8%a7%d8%a8%d8%b3%d8%aa%d8%a7%d9%86-%d9%85%d8%b9%d8%b1%d9%81%d8%aa
1337,لاهیتا,/publisher/1337-%d9%84%d8%a7%d9%87%db%8c%d8%aa%d8%a7
4451,اطلاع,/publisher/4451-%d8%a7%d8%b7%d9%84%d8%a7%d8%b9
1326,محراب قلم,/publisher/1326-%d9%85%d8%ad%d8%b1%d8%a7%d8%a8-%d9%82%d9%84%d9%85
1392,به نشر,/publisher/1392-%d8%a8%d9%87-%d9%86%d8%b4%d8%b1
1258,زوار,/publisher/1258-%d8%b2%d9%88%d8%a7%d8%b1
1233,ذهن آویز,/publisher/1233-%d8%b0%d9%87%d9%86-%d8%a2%d9%88%db%8c%d8%b2
1910,شبگیر,/publisher/1910-%d8%b4%d8%a8%da%af%db%8c%d8%b1
1361,اردیبهشت,/publisher/1361-%d8%a7%d8%b1%d8%af%db%8c%d8%a8%d9%87%d8%b4%d8%aa
1129,معین,/publisher/1129-%d9%85%d8%b9%db%8c%d9%86
62,نگاه,/publisher/62-%d9%86%da%af%d8%a7%d9%87
1194,آریانا قلم,/publisher/1194-%d8%a2%d8%b1%db%8c%d8%a7%d9%86%d8%a7-%d9%82%d9%84%d9%85
1614,کرگدن,/publisher/1614-%da%a9%d8%b1%da%af%d8%af%d9%86
1937,آن سو,/publisher/1937-%d8%a2%d9%86-%d8%b3%d9%88
1210,افکار,/publisher/1210-%d8%a7%d9%81%da%a9%d8%a7%d8%b1
1391,بدیهه,/publisher/1391-%d8%a8%d8%af%db%8c%d9%87%d9%87
1786,نشر نظر,/publisher/1786-%d9%86%d8%b4%d8%b1-%d9%86%d8%b8%d8%b1
1336,بین المللی حافظ,/publisher/1336-%d8%a8%db%8c%d9%86-%d8%a7%d9%84%d9%85%d9%84%d9%84%db%8c-%d8%ad%d8%a7%d9%81%d8%b8
1630,ادیبان روز,/publisher/1630-%d8%a7%d8%af%db%8c%d8%a8%d8%a7%d9%86-%d8%b1%d9%88%d8%b2
1332,دانژه,/publisher/1332-%d8%af%d8%a7%d9%86%da%98%d9%87
2719,قصه باران,/publisher/2719-%d9%82%d8%b5%d9%87-%d8%a8%d8%a7%d8%b1%d8%a7%d9%86
38,دوستان,/publisher/38-%d8%af%d9%88%d8%b3%d8%aa%d8%a7%d9%86
1330,سخن,/publisher/1330-%d8%b3%d8%ae%d9%86
47,فرهنگ نشر نو,/publisher/47-%d9%81%d8%b1%d9%87%d9%86%da%af-%d9%86%d8%b4%d8%b1-%d9%86%d9%88
1282,کتاب سده,/publisher/1282-%da%a9%d8%aa%d8%a7%d8%a8-%d8%b3%d8%af%d9%87
2469,طلایه,/publisher/2469-%d8%b7%d9%84%d8%a7%db%8c%d9%87
72,کتاب آمه,/publisher/72-%da%a9%d8%aa%d8%a7%d8%a8-%d8%a2%d9%85%d9%87
2341,کتابسرای میردشتی,/publisher/2341-%da%a9%d8%aa%d8%a7%d8%a8%d8%b3%d8%b1%d8%a7%db%8c-%d9%85%db%8c%d8%b1%d8%af%d8%b4%d8%aa%db%8c
79,توس,/publisher/79-%d8%aa%d9%88%d8%b3
1253,حکمت,/publisher/1253-%d8%ad%da%a9%d9%85%d8%aa
12,البرز,/publisher/12-%d8%a7%d9%84%d8%a8%d8%b1%d8%b2
1201,بهار سبز,/publisher/1201-%d8%a8%d9%87%d8%a7%d8%b1-%d8%b3%d8%a8%d8%b2
1721,رسا,/publisher/1721-%d8%b1%d8%b3%d8%a7
25,بوتیمار,/publisher/25-%d8%a8%d9%88%d8%aa%db%8c%d9%85%d8%a7%d8%b1
1438,کویر,/publisher/1438-%da%a9%d9%88%db%8c%d8%b1
2396,دانشگاه شهید بهشتی,/publisher/2396-%d8%af%d8%a7%d9%86%d8%b4%da%af%d8%a7%d9%87-%d8%b4%d9%87%db%8c%d8%af-%d8%a8%d9%87%d8%b4%d8%aa%db%8c
1492,سپیده باوران,/publisher/1492-%d8%b3%d9%be%db%8c%d8%af%d9%87-%d8%a8%d8%a7%d9%88%d8%b1%d8%a7%d9%86
24,بهجت,/publisher/24-%d8%a8%d9%87%d8%ac%d8%aa
1136,پیکان,/publisher/1136-%d9%be%db%8c%da%a9%d8%a7%d9%86
1231,روزبهان,/publisher/1231-%d8%b1%d9%88%d8%b2%d8%a8%d9%87%d8%a7%d9%86
1331,سایه گستر,/publisher/1331-%d8%b3%d8%a7%db%8c%d9%87-%da%af%d8%b3%d8%aa%d8%b1
1256,کانون پرورش فکری کودکان و نوجوان,/publisher/1256-%da%a9%d8%a7%d9%86%d9%88%d9%86-%d9%be%d8%b1%d9%88%d8%b1%d8%b4-%d9%81%da%a9%d8%b1%db%8c-%da%a9%d9%88%d8%af%da%a9%d8%a7%d9%86-%d9%88-%d9%86%d9%88%d8%ac%d9%88%d8%a7%d9%86
1644,سیب سرخ,/publisher/1644-%d8%b3%db%8c%d8%a8-%d8%b3%d8%b1%d8%ae
1196,هامون,/publisher/1196-%d9%87%d8%a7%d9%85%d9%88%d9%86
54,گل آذین,/publisher/54-%da%af%d9%84-%d8%a2%d8%b0%db%8c%d9%86
10,افراز,/publisher/10-%d8%a7%d9%81%d8%b1%d8%a7%d8%b2
59,مروارید,/publisher/59-%d9%85%d8%b1%d9%88%d8%a7%d8%b1%db%8c%d8%af
1217,دنیای اقتصاد,/publisher/1217-%d8%af%d9%86%db%8c%d8%a7%db%8c-%d8%a7%d9%82%d8%aa%d8%b5%d8%a7%d8%af
1587,نویسه پارسی,/publisher/1587-%d9%86%d9%88%db%8c%d8%b3%d9%87-%d9%be%d8%a7%d8%b1%d8%b3%db%8c
1955,اعتلای وطن,/publisher/1955-%d8%a7%d8%b9%d8%aa%d9%84%d8%a7%db%8c-%d9%88%d8%b7%d9%86
2841,آذرکیمیا,/publisher/2841-%d8%a2%d8%b0%d8%b1%da%a9%db%8c%d9%85%db%8c%d8%a7
1981,نشر فرهنگ اسلامی,/publisher/1981-%d9%86%d8%b4%d8%b1-%d9%81%d8%b1%d9%87%d9%86%da%af-%d8%a7%d8%b3%d9%84%d8%a7%d9%85%db%8c
1834,بینش نو,/publisher/1834-%d8%a8%db%8c%d9%86%d8%b4-%d9%86%d9%88
1239,فاطمی,/publisher/1239-%d9%81%d8%a7%d8%b7%d9%85%db%8c
1152,پرسش,/publisher/1152-%d9%be%d8%b1%d8%b3%d8%b4
40,روزنه,/publisher/40-%d8%b1%d9%88%d8%b2%d9%86%d9%87
1108,قدیانی,/publisher/1108-%d9%82%d8%af%db%8c%d8%a7%d9%86%db%8c
2738,رسپینا,/publisher/2738-%d8%b1%d8%b3%d9%be%db%8c%d9%86%d8%a7
3107,دفتر عقل,/publisher/3107-%d8%af%d9%81%d8%aa%d8%b1-%d8%b9%d9%82%d9%84
2070,دانشگاه امام صادق (ع),/publisher/2070-%d8%af%d8%a7%d9%86%d8%b4%da%af%d8%a7%d9%87-%d8%a7%d9%85%d8%a7%d9%85-%d8%b5%d8%a7%d8%af%d9%82-%d8%b9
1308,تمدن علمی,/publisher/1308-%d8%aa%d9%85%d8%af%d9%86-%d8%b9%d9%84%d9%85%db%8c
1215,هوپا,/publisher/1215-%d9%87%d9%88%d9%be%d8%a7
1781,نشر علی,/publisher/1781-%d9%86%d8%b4%d8%b1-%d8%b9%d9%84%db%8c
2397,گوشه,/publisher/2397-%da%af%d9%88%d8%b4%d9%87
2601,اگر,/publisher/2601-%d8%a7%da%af%d8%b1
1153,نسل نواندیش,/publisher/1153-%d9%86%d8%b3%d9%84-%d9%86%d9%88%d8%a7%d9%86%d8%af%db%8c%d8%b4
1281,فرهنگ معاصر,/publisher/1281-%d9%81%d8%b1%d9%87%d9%86%da%af-%d9%85%d8%b9%d8%a7%d8%b5%d8%b1
73,نشر کتاب پارسه,/publisher/73-%d9%86%d8%b4%d8%b1-%da%a9%d8%aa%d8%a7%d8%a8-%d9%be%d8%a7%d8%b1%d8%b3%d9%87
1623,مولف,/publisher/1623-%d9%85%d9%88%d9%84%d9%81
2056,دیباگران تهران,/publisher/2056-%d8%af%db%8c%d8%a8%d8%a7%da%af%d8%b1%d8%a7%d9%86-%d8%aa%d9%87%d8%b1%d8%a7%d9%86
1178,سوره مهر,/publisher/1178-%d8%b3%d9%88%d8%b1%d9%87-%d9%85%d9%87%d8%b1
1835,ورجاوند,/publisher/1835-%d9%88%d8%b1%d8%ac%d8%a7%d9%88%d9%86%d8%af
2603,نای و نی,/publisher/2603-%d9%86%d8%a7%db%8c-%d9%88-%d9%86%db%8c
1753,طهوری,/publisher/1753-%d8%b7%d9%87%d9%88%d8%b1%db%8c
2245,پژوهشکده مطالعات راهبردی,/publisher/2245-%d9%be%da%98%d9%88%d9%87%d8%b4%da%a9%d8%af%d9%87-%d9%85%d8%b7%d8%a7%d9%84%d8%b9%d8%a7%d8%aa-%d8%b1%d8%a7%d9%87%d8%a8%d8%b1%d8%af%db%8c
1436,پل,/publisher/1436-%d9%be%d9%84
1415,نوشته,/publisher/1415-%d9%86%d9%88%d8%b4%d8%aa%d9%87
63,نفیر,/publisher/63-%d9%86%d9%81%db%8c%d8%b1
1254,مولی,/publisher/1254-%d9%85%d9%88%d9%84%db%8c
93,موسسه فرهنگی هنری جهان کتاب,/publisher/93-%d9%85%d9%88%d8%b3%d8%b3%d9%87-%d9%81%d8%b1%d9%87%d9%86%da%af%db%8c-%d9%87%d9%86%d8%b1%db%8c-%d8%ac%d9%87%d8%a7%d9%86-%da%a9%d8%aa%d8%a7%d8%a8
1971,ادیان و مذاهب,/publisher/1971-%d8%a7%d8%af%db%8c%d8%a7%d9%86-%d9%88-%d9%85%d8%b0%d8%a7%d9%87%d8%a8
1760,بوستان کتاب,/publisher/1760-%d8%a8%d9%88%d8%b3%d8%aa%d8%a7%d9%86-%da%a9%d8%aa%d8%a7%d8%a8
2908,مهر و دل,/publisher/2908-%d9%85%d9%87%d8%b1-%d9%88-%d8%af%d9%84
1265,حرفه نویسنده,/publisher/1265-%d8%ad%d8%b1%d9%81%d9%87-%d9%86%d9%88%db%8c%d8%b3%d9%86%d8%af%d9%87
1224,آسیم‏‫,/publisher/1224-%d8%a2%d8%b3%db%8c%d9%85%e2%80%8f%e2%80%ab
96,مجید (به سخن),/publisher/96-%d9%85%d8%ac%db%8c%d8%af-%d8%a8%d9%87-%d8%b3%d8%ae%d9%86
1246,آموخته,/publisher/1246-%d8%a2%d9%85%d9%88%d8%ae%d8%aa%d9%87
1405,فراروان,/publisher/1405-%d9%81%d8%b1%d8%a7%d8%b1%d9%88%d8%a7%d9%86
1427,فارابی,/publisher/1427-%d9%81%d8%a7%d8%b1%d8%a7%d8%a8%db%8c
1186,حوض نقره,/publisher/1186-%d8%ad%d9%88%d8%b6-%d9%86%d9%82%d8%b1%d9%87
2448,آبرنگ,/publisher/2448-%d8%a2%d8%a8%d8%b1%d9%86%da%af
1318,نشر نخستین,/publisher/1318-%d9%86%d8%b4%d8%b1-%d9%86%d8%ae%d8%b3%d8%aa%db%8c%d9%86
1547,میچکا (مبتکران),/publisher/1547-%d9%85%db%8c%da%86%da%a9%d8%a7-%d9%85%d8%a8%d8%aa%da%a9%d8%b1%d8%a7%d9%86
1482,مهاجر,/publisher/1482-%d9%85%d9%87%d8%a7%d8%ac%d8%b1
1667,رخداد کویر,/publisher/1667-%d8%b1%d8%ae%d8%af%d8%a7%d8%af-%da%a9%d9%88%db%8c%d8%b1
2099,ابرار معاصر تهران,/publisher/2099-%d8%a7%d8%a8%d8%b1%d8%a7%d8%b1-%d9%85%d8%b9%d8%a7%d8%b5%d8%b1-%d8%aa%d9%87%d8%b1%d8%a7%d9%86
81,علمی و فرهنگی,/publisher/81-%d8%b9%d9%84%d9%85%db%8c-%d9%88-%d9%81%d8%b1%d9%87%d9%86%da%af%db%8c
2349,هودین,/publisher/2349-%d9%87%d9%88%d8%af%db%8c%d9%86
1447,آوند دانش,/publisher/1447-%d8%a2%d9%88%d9%86%d8%af-%d8%af%d8%a7%d9%86%d8%b4
78,نیماژ,/publisher/78-%d9%86%db%8c%d9%85%d8%a7%da%98
1403,شهر قلم,/publisher/1403-%d8%b4%d9%87%d8%b1-%d9%82%d9%84%d9%85
1315,بتهوون,/publisher/1315-%d8%a8%d8%aa%d9%87%d9%88%d9%88%d9%86
2428,برسم,/publisher/2428-%d8%a8%d8%b1%d8%b3%d9%85
1829,مرکز نشر دانشگاهی,/publisher/1829-%d9%85%d8%b1%da%a9%d8%b2-%d9%86%d8%b4%d8%b1-%d8%af%d8%a7%d9%86%d8%b4%da%af%d8%a7%d9%87%db%8c
1208,شرکت سهامی انتشار,/publisher/1208-%d8%b4%d8%b1%da%a9%d8%aa-%d8%b3%d9%87%d8%a7%d9%85%db%8c-%d8%a7%d9%86%d8%aa%d8%b4%d8%a7%d8%b1
2048,شقایق,/publisher/2048-%d8%b4%d9%82%d8%a7%db%8c%d9%82
1266,نشانه,/publisher/1266-%d9%86%d8%b4%d8%a7%d9%86%d9%87
1203,کتاب مهربان,/publisher/1203-%da%a9%d8%aa%d8%a7%d8%a8-%d9%85%d9%87%d8%b1%d8%a8%d8%a7%d9%86
1543,کتاب آبان,/publisher/1543-%da%a9%d8%aa%d8%a7%d8%a8-%d8%a2%d8%a8%d8%a7%d9%86
1181,مینو,/publisher/1181-%d9%85%db%8c%d9%86%d9%88
1370,مانا کتاب,/publisher/1370-%d9%85%d8%a7%d9%86%d8%a7-%da%a9%d8%aa%d8%a7%d8%a8
1364,نامن,/publisher/1364-%d9%86%d8%a7%d9%85%d9%86
1156,برکه خورشید,/publisher/1156-%d8%a8%d8%b1%da%a9%d9%87-%d8%ae%d9%88%d8%b1%d8%b4%db%8c%d8%af
1548,نشر شهر,/publisher/1548-%d9%86%d8%b4%d8%b1-%d8%b4%d9%87%d8%b1
2130,سازمان مدیریت صنعتی,/publisher/2130-%d8%b3%d8%a7%d8%b2%d9%85%d8%a7%d9%86-%d9%85%d8%af%db%8c%d8%b1%db%8c%d8%aa-%d8%b5%d9%86%d8%b9%d8%aa%db%8c
3258,مطیع,/publisher/3258-%d9%85%d8%b7%db%8c%d8%b9
57,ماهی,/publisher/57-%d9%85%d8%a7%d9%87%db%8c
2470,نگاه آشنا,/publisher/2470-%d9%86%da%af%d8%a7%d9%87-%d8%a2%d8%b4%d9%86%d8%a7
1568,خانه کتاب,/publisher/1568-%d8%ae%d8%a7%d9%86%d9%87-%da%a9%d8%aa%d8%a7%d8%a8
1334,فصل پنجم,/publisher/1334-%d9%81%d8%b5%d9%84-%d9%be%d9%86%d8%ac%d9%85
2978,چوچار گیمز,/publisher/2978-%da%86%d9%88%da%86%d8%a7%d8%b1-%da%af%db%8c%d9%85%d8%b2
3105,دانشگاه صنعتی امیرکبیر,/publisher/3105-%d8%af%d8%a7%d9%86%d8%b4%da%af%d8%a7%d9%87-%d8%b5%d9%86%d8%b9%d8%aa%db%8c-%d8%a7%d9%85%db%8c%d8%b1%da%a9%d8%a8%db%8c%d8%b1
100,پریان,/publisher/100-%d9%be%d8%b1%db%8c%d8%a7%d9%86
2260,ایهام,/publisher/2260-%d8%a7%db%8c%d9%87%d8%a7%d9%85
61,میلکان,/publisher/61-%d9%85%db%8c%d9%84%da%a9%d8%a7%d9%86
1397,روانشناسی و هنر,/publisher/1397-%d8%b1%d9%88%d8%a7%d9%86%d8%b4%d9%86%d8%a7%d8%b3%db%8c-%d9%88-%d9%87%d9%86%d8%b1
1114,آفرینگان,/publisher/1114-%d8%a2%d9%81%d8%b1%db%8c%d9%86%da%af%d8%a7%d9%86
89,ایران بان,/publisher/89-%d8%a7%db%8c%d8%b1%d8%a7%d9%86-%d8%a8%d8%a7%d9%86
3099,نارنگی,/publisher/3099-%d9%86%d8%a7%d8%b1%d9%86%da%af%db%8c
86,اساطیر,/publisher/86-%d8%a7%d8%b3%d8%a7%d8%b7%db%8c%d8%b1
1473,طلایی,/publisher/1473-%d8%b7%d9%84%d8%a7%db%8c%db%8c
1571,دانشگاه مفید,/publisher/1571-%d8%af%d8%a7%d9%86%d8%b4%da%af%d8%a7%d9%87-%d9%85%d9%81%db%8c%d8%af
49,کارنامه,/publisher/49-%da%a9%d8%a7%d8%b1%d9%86%d8%a7%d9%85%d9%87
1328,ذکر,/publisher/1328-%d8%b0%da%a9%d8%b1
1909,نگارستان اندیشه,/publisher/1909-%d9%86%da%af%d8%a7%d8%b1%d8%b3%d8%aa%d8%a7%d9%86-%d8%a7%d9%86%d8%af%db%8c%d8%b4%d9%87
1164,شادان,/publisher/1164-%d8%b4%d8%a7%d8%af%d8%a7%d9%86
1294,سیته,/publisher/1294-%d8%b3%db%8c%d8%aa%d9%87
1142,ناهید,/publisher/1142-%d9%86%d8%a7%d9%87%db%8c%d8%af
1534,پازینه,/publisher/1534-%d9%be%d8%a7%d8%b2%db%8c%d9%86%d9%87
2168,کتابدار توس,/publisher/2168-%da%a9%d8%aa%d8%a7%d8%a8%d8%af%d8%a7%d8%b1-%d8%aa%d9%88%d8%b3
1299,نگاه نوین,/publisher/1299-%d9%86%da%af%d8%a7%d9%87-%d9%86%d9%88%db%8c%d9%86
1892,ترنگ,/publisher/1892-%d8%aa%d8%b1%d9%86%da%af
1814,باهم,/publisher/1814-%d8%a8%d8%a7%d9%87%d9%85
1296,باژ,/publisher/1296-%d8%a8%d8%a7%da%98
1109,آذرباد,/publisher/1109-%d8%a2%d8%b0%d8%b1%d8%a8%d8%a7%d8%af
1133,درسا,/publisher/1133-%d8%af%d8%b1%d8%b3%d8%a7
70,هیرمند,/publisher/70-%d9%87%db%8c%d8%b1%d9%85%d9%86%d8%af
2612,افرا,/publisher/2612-%d8%a7%d9%81%d8%b1%d8%a7
1329,فنی ایران - نردبان,/publisher/1329-%d9%81%d9%86%db%8c-%d8%a7%db%8c%d8%b1%d8%a7%d9%86-%d9%86%d8%b1%d8%af%d8%a8%d8%a7%d9%86
1746,ژرف,/publisher/1746-%da%98%d8%b1%d9%81
1494,پایان,/publisher/1494-%d9%be%d8%a7%db%8c%d8%a7%d9%86
60,مهراندیش,/publisher/60-%d9%85%d9%87%d8%b1%d8%a7%d9%86%d8%af%db%8c%d8%b4
1452,اوحدی,/publisher/1452-%d8%a7%d9%88%d8%ad%d8%af%db%8c
1173,نگاه معاصر,/publisher/1173-%d9%86%da%af%d8%a7%d9%87-%d9%85%d8%b9%d8%a7%d8%b5%d8%b1
2985,آترینا,/publisher/2985-%d8%a2%d8%aa%d8%b1%db%8c%d9%86%d8%a7
2369,سرود,/publisher/2369-%d8%b3%d8%b1%d9%88%d8%af
1807,گستره,/publisher/1807-%da%af%d8%b3%d8%aa%d8%b1%d9%87
1214,شمشاد,/publisher/1214-%d8%b4%d9%85%d8%b4%d8%a7%d8%af
1160,لیوسا,/publisher/1160-%d9%84%db%8c%d9%88%d8%b3%d8%a7
1377,ماهریس,/publisher/1377-%d9%85%d8%a7%d9%87%d8%b1%db%8c%d8%b3
1192,قاصدک صبا,/publisher/1192-%d9%82%d8%a7%d8%b5%d8%af%da%a9-%d8%b5%d8%a8%d8%a7
2328,چهل کلاغ,/publisher/2328-%da%86%d9%87%d9%84-%da%a9%d9%84%d8%a7%d8%ba
1429,مهر نوروز,/publisher/1429-%d9%85%d9%87%d8%b1-%d9%86%d9%88%d8%b1%d9%88%d8%b2
2121,برج,/publisher/2121-%d8%a8%d8%b1%d8%ac
3119,مد,/publisher/3119-%d9%85%d8%af
1122,دنیای نو,/publisher/1122-%d8%af%d9%86%db%8c%d8%a7%db%8c-%d9%86%d9%88
90,اطلاعات,/publisher/90-%d8%a7%d8%b7%d9%84%d8%a7%d8%b9%d8%a7%d8%aa
1858,ساقی,/publisher/1858-%d8%b3%d8%a7%d9%82%db%8c
2305,امین الضرب,/publisher/2305-%d8%a7%d9%85%db%8c%d9%86-%d8%a7%d9%84%d8%b6%d8%b1%d8%a8
1763,پارسیک,/publisher/1763-%d9%be%d8%a7%d8%b1%d8%b3%db%8c%da%a9
2768,دورهمی جواهری,/publisher/2768-%d8%af%d9%88%d8%b1%d9%87%d9%85%db%8c-%d8%ac%d9%88%d8%a7%d9%87%d8%b1%db%8c
1855,اسبار,/publisher/1855-%d8%a7%d8%b3%d8%a8%d8%a7%d8%b1
75,اختران,/publisher/75-%d8%a7%d8%ae%d8%aa%d8%b1%d8%a7%d9%86
1822,کیمیا,/publisher/1822-%da%a9%db%8c%d9%85%db%8c%d8%a7
1824,فکر نو,/publisher/1824-%d9%81%da%a9%d8%b1-%d9%86%d9%88
2688,پی نما,/publisher/2688-%d9%be%db%8c-%d9%86%d9%85%d8%a7
3147,دانشگاه قم,/publisher/3147-%d8%af%d8%a7%d9%86%d8%b4%da%af%d8%a7%d9%87-%d9%82%d9%85
13,امیرکبیر,/publisher/13-%d8%a7%d9%85%db%8c%d8%b1%da%a9%d8%a8%db%8c%d8%b1
3166,ویکتور هوگو,/publisher/3166-%d9%88%db%8c%da%a9%d8%aa%d9%88%d8%b1-%d9%87%d9%88%da%af%d9%88
1401,شادگان,/publisher/1401-%d8%b4%d8%a7%d8%af%da%af%d8%a7%d9%86
2219,کانون اندیشه جوان,/publisher/2219-%da%a9%d8%a7%d9%86%d9%88%d9%86-%d8%a7%d9%86%d8%af%db%8c%d8%b4%d9%87-%d8%ac%d9%88%d8%a7%d9%86
2483,زرین اندیشمند,/publisher/2483-%d8%b2%d8%b1%db%8c%d9%86-%d8%a7%d9%86%d8%af%db%8c%d8%b4%d9%85%d9%86%d8%af
2713,زینگو,/publisher/2713-%d8%b2%db%8c%d9%86%da%af%d9%88
1582,لوپه تو,/publisher/1582-%d9%84%d9%88%d9%be%d9%87-%d8%aa%d9%88
2552,بوستان حمید,/publisher/2552-%d8%a8%d9%88%d8%b3%d8%aa%d8%a7%d9%86-%d8%ad%d9%85%db%8c%d8%af
2867,همیشه,/publisher/2867-%d9%87%d9%85%db%8c%d8%b4%d9%87
4319,انتشارات مکعب,/publisher/4319-%d8%a7%d9%86%d8%aa%d8%b4%d8%a7%d8%b1%d8%a7%d8%aa-%d9%85%da%a9%d8%b9%d8%a8
1591,آهنگ دیگر,/publisher/1591-%d8%a2%d9%87%d9%86%da%af-%d8%af%db%8c%da%af%d8%b1
1325,آرادمان,/publisher/1325-%d8%a2%d8%b1%d8%a7%d8%af%d9%85%d8%a7%d9%86
1558,بروج,/publisher/1558-%d8%a8%d8%b1%d9%88%d8%ac
1471,سلیس,/publisher/1471-%d8%b3%d9%84%db%8c%d8%b3
1262,نقش و نگار,/publisher/1262-%d9%86%d9%82%d8%b4-%d9%88-%d9%86%da%af%d8%a7%d8%b1
1605,صراط,/publisher/1605-%d8%b5%d8%b1%d8%a7%d8%b7
1372,لگا,/publisher/1372-%d9%84%da%af%d8%a7
2124,براق,/publisher/2124-%d8%a8%d8%b1%d8%a7%d9%82
1670,واحه,/publisher/1670-%d9%88%d8%a7%d8%ad%d9%87
1616,گوهر دانش,/publisher/1616-%da%af%d9%88%d9%87%d8%b1-%d8%af%d8%a7%d9%86%d8%b4
83,روشنگران و مطالعات زنان,/publisher/83-%d8%b1%d9%88%d8%b4%d9%86%da%af%d8%b1%d8%a7%d9%86-%d9%88-%d9%85%d8%b7%d8%a7%d9%84%d8%b9%d8%a7%d8%aa-%d8%b2%d9%86%d8%a7%d9%86
1185,دیبایه,/publisher/1185-%d8%af%db%8c%d8%a8%d8%a7%db%8c%d9%87
2818,آوای باربد,/publisher/2818-%d8%a2%d9%88%d8%a7%db%8c-%d8%a8%d8%a7%d8%b1%d8%a8%d8%af
3173,نشر تا,/publisher/3173-%d9%86%d8%b4%d8%b1-%d8%aa%d8%a7
3225,انتشارات داژو,/publisher/3225-%d8%a7%d9%86%d8%aa%d8%b4%d8%a7%d8%b1%d8%a7%d8%aa-%d8%af%d8%a7%da%98%d9%88
2317,اشراقی,/publisher/2317-%d8%a7%d8%b4%d8%b1%d8%a7%d9%82%db%8c
1414,نگاره آفتاب,/publisher/1414-%d9%86%da%af%d8%a7%d8%b1%d9%87-%d8%a2%d9%81%d8%aa%d8%a7%d8%a8
1589,المعی,/publisher/1589-%d8%a7%d9%84%d9%85%d8%b9%db%8c
1499,زمستان,/publisher/1499-%d8%b2%d9%85%d8%b3%d8%aa%d8%a7%d9%86
1859,اژدهای طلایی,/publisher/1859-%d8%a7%da%98%d8%af%d9%87%d8%a7%db%8c-%d8%b7%d9%84%d8%a7%db%8c%db%8c
1163,پرسمان,/publisher/1163-%d9%be%d8%b1%d8%b3%d9%85%d8%a7%d9%86
53,کتاب کوله پشتی,/publisher/53-%da%a9%d8%aa%d8%a7%d8%a8-%da%a9%d9%88%d9%84%d9%87-%d9%be%d8%b4%d8%aa%db%8c
2589,سفیر,/publisher/2589-%d8%b3%d9%81%db%8c%d8%b1
2066,عارف کامل,/publisher/2066-%d8%b9%d8%a7%d8%b1%d9%81-%da%a9%d8%a7%d9%85%d9%84
1861,سخنوران,/publisher/1861-%d8%b3%d8%ae%d9%86%d9%88%d8%b1%d8%a7%d9%86
1408,منوچهری,/publisher/1408-%d9%85%d9%86%d9%88%da%86%d9%87%d8%b1%db%8c
2656,مریمان,/publisher/2656-%d9%85%d8%b1%db%8c%d9%85%d8%a7%d9%86
1137,ترانه,/publisher/1137-%d8%aa%d8%b1%d8%a7%d9%86%d9%87
2497,یزدا,/publisher/2497-%db%8c%d8%b2%d8%af%d8%a7
1959,مارلیک,/publisher/1959-%d9%85%d8%a7%d8%b1%d9%84%db%8c%da%a9
1179,بیدگل,/publisher/1179-%d8%a8%db%8c%d8%af%da%af%d9%84
2751,ایران شناسی,/publisher/2751-%d8%a7%db%8c%d8%b1%d8%a7%d9%86-%d8%b4%d9%86%d8%a7%d8%b3%db%8c
1118,نشر پنجره,/publisher/1118-%d9%86%d8%b4%d8%b1-%d9%be%d9%86%d8%ac%d8%b1%d9%87
1240,کلک آزادگان,/publisher/1240-%da%a9%d9%84%da%a9-%d8%a2%d8%b2%d8%a7%d8%af%da%af%d8%a7%d9%86
1291,عالی تبار,/publisher/1291-%d8%b9%d8%a7%d9%84%db%8c-%d8%aa%d8%a8%d8%a7%d8%b1
1373,مرکز اسناد انقلاب,/publisher/1373-%d9%85%d8%b1%da%a9%d8%b2-%d8%a7%d8%b3%d9%86%d8%a7%d8%af-%d8%a7%d9%86%d9%82%d9%84%d8%a7%d8%a8
1580,کتاب طه,/publisher/1580-%da%a9%d8%aa%d8%a7%d8%a8-%d8%b7%d9%87
1338,سرزمین اهورایی,/publisher/1338-%d8%b3%d8%b1%d8%b2%d9%85%db%8c%d9%86-%d8%a7%d9%87%d9%88%d8%b1%d8%a7%db%8c%db%8c
1982,آوای نور,/publisher/1982-%d8%a2%d9%88%d8%a7%db%8c-%d9%86%d9%88%d8%b1
1531,بازاریابی,/publisher/1531-%d8%a8%d8%a7%d8%b2%d8%a7%d8%b1%db%8c%d8%a7%d8%a8%db%8c
2131,کتاب معنا,/publisher/2131-%da%a9%d8%aa%d8%a7%d8%a8-%d9%85%d8%b9%d9%86%d8%a7
