id,name,link
31,نشر ثالث,/publisher/31-%d9%86%d8%b4%d8%b1-%d8%ab%d8%a7%d9%84%d8%ab
11,افق,/publisher/11-%d8%a7%d9%81%d9%82
1327,نیستان,/publisher/1327-%d9%86%db%8c%d8%b3%d8%aa%d8%a7%d9%86
1259,چابک اندیش,/publisher/1259-%da%86%d8%a7%d8%a8%da%a9-%d8%a7%d9%86%d8%af%db%8c%d8%b4
66,نشر نی,/publisher/66-%d9%86%d8%b4%d8%b1-%d9%86%db%8c
1440,لوگوس,/publisher/1440-%d9%84%d9%88%da%af%d9%88%d8%b3
1860,چالش,/publisher/1860-%da%86%d8%a7%d9%84%d8%b4
1358,شهرستان ادب,/publisher/1358-%d8%b4%d9%87%d8%b1%d8%b3%d8%aa%d8%a7%d9%86-%d8%a7%d8%af%d8%a8
30,پیدایش,/publisher/30-%d9%be%db%8c%d8%af%d8%a7%db%8c%d8%b4
48,ققنوس,/publisher/48-%d9%82%d9%82%d9%86%d9%88%d8%b3
1988,بعثت,/publisher/1988-%d8%a8%d8%b9%d8%ab%d8%aa
51,کتابسرای تندیس,/publisher/51-%da%a9%d8%aa%d8%a7%d8%a8%d8%b3%d8%b1%d8%a7%db%8c-%d8%aa%d9%86%d8%af%db%8c%d8%b3
1875,اریش,/publisher/1875-%d8%a7%d8%b1%db%8c%d8%b4
2651,یادواره کتاب,/publisher/2651-%db%8c%d8%a7%d8%af%d9%88%d8%a7%d8%b1%d9%87-%da%a9%d8%aa%d8%a7%d8%a8
1967,دانشگاه تهران,/publisher/1967-%d8%af%d8%a7%d9%86%d8%b4%da%af%d8%a7%d9%87-%d8%aa%d9%87%d8%b1%d8%a7%d9%86
2628,امید سخن,/publisher/2628-%d8%a7%d9%85%db%8c%d8%af-%d8%b3%d8%ae%d9%86
1470,سروش,/publisher/1470-%d8%b3%d8%b1%d9%88%d8%b4
42,سبزان,/publisher/42-%d8%b3%d8%a8%d8%b2%d8%a7%d9%86
1575,صفی علیشاه,/publisher/1575-%d8%b5%d9%81%db%8c-%d8%b9%d9%84%db%8c%d8%b4%d8%a7%d9%87
1621,مطالعات سیاسی,/publisher/1621-%d9%85%d8%b7%d8%a7%d9%84%d8%b9%d8%a7%d8%aa-%d8%b3%db%8c%d8%a7%d8%b3%db%8c
1479,کلید آموزش,/publisher/1479-%da%a9%d9%84%db%8c%d8%af-%d8%a2%d9%85%d9%88%d8%b2%d8%b4
67,نیلوفر,/publisher/67-%d9%86%db%8c%d9%84%d9%88%d9%81%d8%b1
1111,نشر ویدا,/publisher/1111-%d9%86%d8%b4%d8%b1-%d9%88%db%8c%d8%af%d8%a7
1539,زعفران,/publisher/1539-%d8%b2%d8%b9%d9%81%d8%b1%d8%a7%d9%86
1335,حتمی,/publisher/1335-%d8%ad%d8%aa%d9%85%db%8c
3156,تیموری,/publisher/3156-%d8%aa%db%8c%d9%85%d9%88%d8%b1%db%8c
1497,شهرآب,/publisher/1497-%d8%b4%d9%87%d8%b1%d8%a2%d8%a8
2097,جمال,/publisher/2097-%d8%ac%d9%85%d8%a7%d9%84
2270,جنگل,/publisher/2270-%d8%ac%d9%86%da%af%d9%84
58,مرکز,/publisher/58-%d9%85%d8%b1%da%a9%d8%b2
1478,کلام,/publisher/1478-%da%a9%d9%84%d8%a7%d9%85
1578,قو,/publisher/1578-%d9%82%d9%88
1353,اکباتان,/publisher/1353-%d8%a7%da%a9%d8%a8%d8%a7%d8%aa%d8%a7%d9%86
2400,دایره المعارف بزرگ اسلامی,/publisher/2400-%d8%af%d8%a7%db%8c%d8%b1%d9%87-%d8%a7%d9%84%d9%85%d8%b9%d8%a7%d8%b1%d9%81-%d8%a8%d8%b2%d8%b1%da%af-%d8%a7%d8%b3%d9%84%d8%a7%d9%85%db%8c
69,هرمس,/publisher/69-%d9%87%d8%b1%d9%85%d8%b3
1856,موسسه فرهنگی و هنری ماهور,/publisher/1856-%d9%85%d9%88%d8%b3%d8%b3%d9%87-%d9%81%d8%b1%d9%87%d9%86%da%af%db%8c-%d9%88-%d9%87%d9%86%d8%b1%db%8c-%d9%85%d8%a7%d9%87%d9%88%d8%b1
1483,مهرسا,/publisher/1483-%d9%85%d9%87%d8%b1%d8%b3%d8%a7
2018,سمت,/publisher/2018-%d8%b3%d9%85%d8%aa
1277,فرهنگ جاوید,/publisher/1277-%d9%81%d8%b1%d9%87%d9%86%da%af-%d8%ac%d8%a7%d9%88%db%8c%d8%af
1131,نامک,/publisher/1131-%d9%86%d8%a7%d9%85%da%a9
85,نیلا,/publisher/85-%d9%86%db%8c%d9%84%d8%a7
1472,طرح نو,/publisher/1472-%d8%b7%d8%b1%d8%ad-%d9%86%d9%88
1913,نمایش,/publisher/1913-%d9%86%d9%85%d8%a7%db%8c%d8%b4
1595,حکمت کلمه,/publisher/1595-%d8%ad%da%a9%d9%85%d8%aa-%da%a9%d9%84%d9%85%d9%87
1837,آئی سا,/publisher/1837-%d8%a2%d8%a6%db%8c-%d8%b3%d8%a7
9,علم,/publisher/9-%d8%b9%d9%84%d9%85
1873,نشر معارف,/publisher/1873-%d9%86%d8%b4%d8%b1-%d9%85%d8%b9%d8%a7%d8%b1%d9%81
1813,نشر گویا,/publisher/1813-%d9%86%d8%b4%d8%b1-%da%af%d9%88%db%8c%d8%a7
2311,آماره,/publisher/2311-%d8%a2%d9%85%d8%a7%d8%b1%d9%87
18,آگه,/publisher/18-%d8%a2%da%af%d9%87
55,مازیار,/publisher/55-%d9%85%d8%a7%d8%b2%db%8c%d8%a7%d8%b1
87,قطره,/publisher/87-%d9%82%d8%b7%d8%b1%d9%87
28,پرتقال,/publisher/28-%d9%be%d8%b1%d8%aa%d9%82%d8%a7%d9%84
3097,فن آوری نوین,/publisher/3097-%d9%81%d9%86-%d8%a2%d9%88%d8%b1%db%8c-%d9%86%d9%88%db%8c%d9%86
1612,کتاب پرنده,/publisher/1612-%da%a9%d8%aa%d8%a7%d8%a8-%d9%be%d8%b1%d9%86%d8%af%d9%87
1378,هیلا,/publisher/1378-%d9%87%db%8c%d9%84%d8%a7
1195,ابوعطا,/publisher/1195-%d8%a7%d8%a8%d9%88%d8%b9%d8%b7%d8%a7
1312,شباهنگ,/publisher/1312-%d8%b4%d8%a8%d8%a7%d9%87%d9%86%da%af
2759,خردگان,/publisher/2759-%d8%ae%d8%b1%d8%af%da%af%d8%a7%d9%86
2040,یساولی,/publisher/2040-%db%8c%d8%b3%d8%a7%d9%88%d9%84%db%8c
33,نشر چشمه,/publisher/33-%d9%86%d8%b4%d8%b1-%da%86%d8%b4%d9%85%d9%87
1360,صابرین,/publisher/1360-%d8%b5%d8%a7%d8%a8%d8%b1%db%8c%d9%86
1362,ارجمند,/publisher/1362-%d8%a7%d8%b1%d8%ac%d9%85%d9%86%d8%af
2091,پلک,/publisher/2091-%d9%be%d9%84%da%a9
1597,موسسه فرهنگی و هنری خراسان,/publisher/1597-%d9%85%d9%88%d8%b3%d8%b3%d9%87-%d9%81%d8%b1%d9%87%d9%86%da%af%db%8c-%d9%88-%d9%87%d9%86%d8%b1%db%8c-%d8%ae%d8%b1%d8%a7%d8%b3%d8%a7%d9%86
1833,عنوان,/publisher/1833-%d8%b9%d9%86%d9%88%d8%a7%d9%86
1375,کتابستان معرفت,/publisher/1375-%da%a9%d8%aa%d8%a7%d8%a8%d8%b3%d8%aa%d8%a7%d9%86-%d9%85%d8%b9%d8%b1%d9%81%d8%aa
1337,لاهیتا,/publisher/1337-%d9%84%d8%a7%d9%87%db%8c%d8%aa%d8%a7
1326,محراب قلم,/publisher/1326-%d9%85%d8%ad%d8%b1%d8%a7%d8%a8-%d9%82%d9%84%d9%85
4451,اطلاع,/publisher/4451-%d8%a7%d8%b7%d9%84%d8%a7%d8%b9
1233,ذهن آویز,/publisher/1233-%d8%b0%d9%87%d9%86-%d8%a2%d9%88%db%8c%d8%b2
1910,شبگیر,/publisher/1910-%d8%b4%d8%a8%da%af%db%8c%d8%b1
1361,اردیبهشت,/publisher/1361-%d8%a7%d8%b1%d8%af%db%8c%d8%a8%d9%87%d8%b4%d8%aa
1258,زوار,/publisher/1258-%d8%b2%d9%88%d8%a7%d8%b1
1392,به نشر,/publisher/1392-%d8%a8%d9%87-%d9%86%d8%b4%d8%b1
1308,تمدن علمی,/publisher/1308-%d8%aa%d9%85%d8%af%d9%86-%d8%b9%d9%84%d9%85%db%8c
38,دوستان,/publisher/38-%d8%af%d9%88%d8%b3%d8%aa%d8%a7%d9%86
2719,قصه باران,/publisher/2719-%d9%82%d8%b5%d9%87-%d8%a8%d8%a7%d8%b1%d8%a7%d9%86
1332,دانژه,/publisher/1332-%d8%af%d8%a7%d9%86%da%98%d9%87
1786,نشر نظر,/publisher/1786-%d9%86%d8%b4%d8%b1-%d9%86%d8%b8%d8%b1
1129,معین,/publisher/1129-%d9%85%d8%b9%db%8c%d9%86
1330,سخن,/publisher/1330-%d8%b3%d8%ae%d9%86
62,نگاه,/publisher/62-%d9%86%da%af%d8%a7%d9%87
1614,کرگدن,/publisher/1614-%da%a9%d8%b1%da%af%d8%af%d9%86
1937,آن سو,/publisher/1937-%d8%a2%d9%86-%d8%b3%d9%88
1194,آریانا قلم,/publisher/1194-%d8%a2%d8%b1%db%8c%d8%a7%d9%86%d8%a7-%d9%82%d9%84%d9%85
1391,بدیهه,/publisher/1391-%d8%a8%d8%af%db%8c%d9%87%d9%87
2368,ما و شما,/publisher/2368-%d9%85%d8%a7-%d9%88-%d8%b4%d9%85%d8%a7
1630,ادیبان روز,/publisher/1630-%d8%a7%d8%af%db%8c%d8%a8%d8%a7%d9%86-%d8%b1%d9%88%d8%b2
1210,افکار,/publisher/1210-%d8%a7%d9%81%da%a9%d8%a7%d8%b1
1336,بین المللی حافظ,/publisher/1336-%d8%a8%db%8c%d9%86-%d8%a7%d9%84%d9%85%d9%84%d9%84%db%8c-%d8%ad%d8%a7%d9%81%d8%b8
